[
    {
        "id": 1,
        "title": "Mobile Banking Apps",
        "date": "2023-12",
        "type": [
            "UI DESIGN",
            "Mobile Apps"
        ],
        "description": "<p data-start=\"361\" data-end=\"673\"><strong data-start=\"361\" data-end=\"376\">Bank Jawara<\/strong> adalah platform perbankan digital modern yang hadir untuk mendefinisikan ulang pengalaman finansial masyarakat Indonesia. Mengusung kemudahan, keamanan, dan kecepatan sebagai pilar utama, Bank Jawara tidak hanya menjadi alat transaksi&mdash;tetapi juga mitra terpercaya dalam perjalanan finansial Anda.<\/p>\r\n<p data-start=\"675\" data-end=\"1017\">Dengan komitmen pada <strong data-start=\"696\" data-end=\"717\">inklusi finansial<\/strong>, Bank Jawara dirancang agar dapat diakses dan dinikmati oleh semua kalangan, mulai dari generasi muda hingga pelaku usaha, dari kota besar hingga pelosok negeri. Antarmukanya yang intuitif serta pengalaman pengguna (UX) yang optimal memastikan setiap interaksi berjalan mulus, nyaman, dan memuaskan.<\/p>\r\n<p data-start=\"1019\" data-end=\"1427\">Desain visual Bank Jawara memadukan warna <strong data-start=\"1061\" data-end=\"1069\">ungu<\/strong> dan <strong data-start=\"1074\" data-end=\"1084\">oranye<\/strong>, menciptakan kesan <strong data-start=\"1104\" data-end=\"1118\">keanggunan<\/strong>, <strong data-start=\"1120\" data-end=\"1137\">kebijaksanaan<\/strong>, <strong data-start=\"1139\" data-end=\"1151\">semangat<\/strong>, dan <strong data-start=\"1157\" data-end=\"1170\">optimisme<\/strong>&mdash;simbol dari semangat baru dalam dunia perbankan digital. Tak hanya fungsional, tampilan aplikasi Bank Jawara juga dirancang untuk memikat mata dan hati, menjadikannya pilihan utama masyarakat masa kini yang menginginkan lebih dari sekadar layanan keuangan.<\/p>",
        "img": "img\/img_687a8d4f6ba9d.png",
        "client": "Jawara",
        "link": "https:\/\/aksanazachri.my.id\/Detail-Portofolio?id=5",
        "published": true,
        "updated_at": "2025-07-19 01:07:11",
        "updated_unix": 1752862031
    },
    {
        "id": 2,
        "title": "Food Delivery Apps",
        "date": "2023-09",
        "type": [
            "UI DESIGN",
            "Mobile Apps"
        ],
        "description": "<p>The Jajanin app is designed with a friendly and efficient user interface, prioritizing speed in finding and ordering food; this is reflected in the homepage that presents personalized recommendations and easily accessible categories, restaurant pages that display menus with high-quality images and clear customization options, and a transparent and streamlined basket and payment process for a seamless ordering experience from start to finish.<\/p>",
        "img": "img\/img_687a918dadedc.png",
        "client": "Jajanin ",
        "link": "",
        "published": true,
        "updated_at": "2025-07-19 01:25:17",
        "updated_unix": 1752863117
    },
    {
        "id": 3,
        "title": "Home Furnishing Retail",
        "date": "2023-11",
        "type": [
            "UI DESIGN",
            "Mobile Apps"
        ],
        "description": "<p><strong data-start=\"158\" data-end=\"166\">Need <\/strong>merupakan&nbsp;sebuah aplikasi <em data-start=\"184\" data-end=\"208\">Home Furnishing Retail<\/em> yang menawarkan pengalaman belanja furnitur online yang modern, efisien, dan mudah diakses. Desain dikembangkan melalui riset pengguna dan prototipe interaktif untuk memastikan solusi yang relevan dan fungsional.&nbsp;<\/p>\r\n<p data-start=\"423\" data-end=\"690\">Fitur utama meliputi pencarian produk dengan filter, wishlist, inspirasi desain ruangan, serta proses checkout yang sederhana dan cepat. Antarmuka dirancang dengan tampilan bersih dan navigasi yang intuitif, mendukung kenyamanan pengguna sepanjang perjalanan belanja.<\/p>\r\n<p data-start=\"692\" data-end=\"816\">Proyek ini mendapat tanggapan positif berkat desain yang responsif, estetis, dan sesuai dengan kebutuhan pengguna masa kini.<\/p>",
        "img": "img\/img_687a9149da9b5.png",
        "client": "Need",
        "link": "",
        "published": true,
        "updated_at": "2025-07-19 01:24:09",
        "updated_unix": 1752863049
    },
    {
        "id": 4,
        "title": "Home Furnishing Retail",
        "date": "2023-09",
        "type": [
            "UI DESIGN",
            "Landing Page"
        ],
        "description": "<p>The landing page for a furniture store with a minimalist design is designed with a clean appearance and simple navigation, highlighting superior products in a grid layout, utilizing attractive hero images, customer testimonials, special offers, as well as a neutral color palette and modern typography to create a unique user experience professional, responsive and conversion focused.<\/p>",
        "img": "img\/img_687a92ee08412.png",
        "client": "Need",
        "link": "",
        "published": true,
        "updated_at": "2025-07-19 01:31:10",
        "updated_unix": 1752863470
    },
    {
        "id": 5,
        "title": "Redesign Mobile Banking Apps",
        "date": "2024-12",
        "type": [
            "UI DESIGN",
            "Mobile Apps"
        ],
        "description": "<p data-start=\"231\" data-end=\"627\"><strong data-start=\"231\" data-end=\"246\">Bank Jawara<\/strong> kini hadir dengan wajah baru&mdash;versi terbaru yang telah melalui perombakan menyeluruh demi menjawab kebutuhan pengguna yang terus berkembang. Sebagai platform perbankan digital modern, Bank Jawara berkomitmen untuk menghadirkan layanan finansial yang <strong data-start=\"496\" data-end=\"505\">mudah<\/strong>, <strong data-start=\"507\" data-end=\"515\">aman<\/strong>, dan <strong data-start=\"521\" data-end=\"530\">cepat<\/strong>, dalam balutan desain yang lebih segar dan pengalaman pengguna yang lebih halus dari sebelumnya.<\/p>\r\n<p data-start=\"629\" data-end=\"1024\">Rombakan ini bukan sekadar perubahan tampilan, melainkan langkah strategis untuk memperkuat misi utama: <strong data-start=\"733\" data-end=\"764\">mendorong inklusi finansial<\/strong> bagi seluruh lapisan masyarakat Indonesia. Dengan antarmuka yang lebih intuitif dan pengalaman pengguna (UX) yang dioptimalkan, Bank Jawara memastikan setiap orang&mdash;dari pengguna baru hingga nasabah berpengalaman&mdash;bisa menikmati layanan yang efisien dan nyaman.<\/p>\r\n<p data-start=\"1026\" data-end=\"1370\">Desain visual terbaru Bank Jawara mengangkat nuansa <strong data-start=\"1078\" data-end=\"1086\">ungu<\/strong> dan <strong data-start=\"1091\" data-end=\"1101\">oranye<\/strong>, melambangkan <strong data-start=\"1116\" data-end=\"1130\">keanggunan<\/strong>, <strong data-start=\"1132\" data-end=\"1149\">kebijaksanaan<\/strong>, <strong data-start=\"1151\" data-end=\"1163\">semangat<\/strong>, dan <strong data-start=\"1169\" data-end=\"1182\">optimisme<\/strong>. Warna-warna ini bukan hanya pilihan estetika, tetapi juga refleksi dari semangat baru Bank Jawara dalam menghadirkan solusi perbankan yang tidak hanya fungsional, tetapi juga inspiratif.<\/p>\r\n<p data-start=\"1372\" data-end=\"1581\">Dengan pembaruan ini, Bank Jawara siap menjadi pilihan utama masyarakat yang menginginkan pengalaman finansial modern yang menyeluruh&mdash;<strong data-start=\"1506\" data-end=\"1581\">canggih secara teknologi, ramah dalam penggunaan, dan kuat dalam nilai.<\/strong><\/p>",
        "img": "img\/img_687a8cc0b4f96.png",
        "client": "Jawara",
        "link": "https:\/\/aksanazachri.my.id\/dokumen\/jawara.pdf",
        "published": true,
        "published_at": "2025-06-25 23:00:25",
        "updated_at": "2025-07-19 01:04:48",
        "updated_unix": 1752861888
    },
    {
        "id": 6,
        "title": "Carbon Emission Control Application",
        "date": "2023-11",
        "type": [
            "UI DESIGN",
            "Mobile Apps"
        ],
        "description": "<p>The Zero app is designed with an intuitive UI design that makes it easy for users to record and understand their personal carbon emissions through clear data visualizations. The app&rsquo;s community page is designed to resemble a social media platform, allowing users to interact, share sustainability tips, and motivate each other through features such as posts, comments, and leaderboards. Meanwhile, the donation feature provides a transparent interface to select and support verified environmental projects, complete with project details, donation progress, and easy payment flow.<\/p>",
        "img": "img\/img_687a8fa2ee5f8.png",
        "client": "Zero",
        "link": "https:\/\/aksanazachri.my.id\/dokumen\/Zero.pdf",
        "published": true,
        "updated_at": "2025-07-19 01:17:06",
        "updated_unix": 1752862626
    },
    {
        "id": 7,
        "title": "Website E-Sport Arena Community",
        "date": "2025-04",
        "type": [
            "UI DESIGN",
            "Web Design"
        ],
        "description": "<p data-start=\"60\" data-end=\"546\">Website <strong data-start=\"68\" data-end=\"95\">E-Sport Arena Community<\/strong> merupakan hasil perancangan UI\/UX yang berfokus pada peningkatan pengalaman pengguna dalam komunitas e-sport. Website ini dirancang untuk menjadi platform utama bagi para anggota komunitas agar dapat terhubung, mengikuti berbagai event, serta melakukan transaksi merchandise dengan mudah dan nyaman. Dalam proyek ini, fokus desain dibagi menjadi tiga bagian utama: <strong data-start=\"461\" data-end=\"477\">halaman Home<\/strong>, <strong data-start=\"479\" data-end=\"506\">halaman transaksi event<\/strong>, dan <strong data-start=\"512\" data-end=\"545\">halaman transaksi merchandise<\/strong>.<\/p>\r\n<p data-start=\"548\" data-end=\"1114\">Halaman Home dirancang dengan tampilan visual yang menarik serta navigasi yang intuitif untuk menyajikan informasi terbaru seputar event, berita komunitas, dan highlight produk. Pada halaman transaksi event, desain diarahkan agar alur pendaftaran atau pembelian tiket terasa cepat, praktis, dan aman digunakan di berbagai perangkat. Sementara itu, halaman transaksi merchandise disusun seperti katalog toko online dengan tampilan produk yang jelas, tombol aksi yang menonjol, dan proses checkout yang sederhana untuk meningkatkan kenyamanan pengguna saat berbelanja.<\/p>\r\n<p data-start=\"1116\" data-end=\"1363\">Secara keseluruhan, desain UI\/UX ini bertujuan untuk meningkatkan keterlibatan pengguna, memperkuat identitas brand E-Sport Arena Community secara visual, serta mendukung proses digitalisasi transaksi dalam komunitas gaming yang aktif dan dinamis.<\/p>",
        "img": "img\/img_687a8bf760565.png",
        "client": "Skripsi Project",
        "link": "https:\/\/www.figma.com\/proto\/fuPzbMGpPX9LcNRrG1FXUt\/Website-Esport-Arena?node-id=510-2671&starting-point-node-id=510%3A2671&t=n1SBj9NZutiz9TrY-1",
        "updated_at": "2025-07-19 01:01:27",
        "updated_unix": 1752861687
    },
    {
        "id": 8,
        "title": "Landing Page Website Dimsumku",
        "date": "2025-05",
        "type": [
            "UI DESIGN",
            "Landing Page"
        ],
        "description": "<p data-start=\"258\" data-end=\"303\">🍜 <strong data-start=\"261\" data-end=\"301\">Dimsumku &mdash; UI\/UX Landing Page Design<\/strong><\/p>\r\n<p data-start=\"305\" data-end=\"572\">Landing page ini dirancang sebagai katalog digital yang menyajikan berbagai pilihan dimsum secara menarik dan menggugah selera.<br data-start=\"432\" data-end=\"435\">Fokus utama ada pada visual makanan, navigasi yang mudah, serta flow pengguna yang langsung diarahkan untuk <em data-start=\"543\" data-end=\"569\">pesan cepat via WhatsApp<\/em>.<\/p>\r\n<p data-start=\"574\" data-end=\"605\">🎯 Fitur unggulan dalam desain:<\/p>\r\n<ul>\r\n<li data-start=\"574\" data-end=\"605\"><strong data-start=\"608\" data-end=\"626\">Katalog produk<\/strong> dengan foto-foto dimsum yang menggoda<\/li>\r\n<li data-start=\"574\" data-end=\"605\"><strong data-start=\"669\" data-end=\"693\">CTA &ldquo;Pesan Sekarang&rdquo;<\/strong> yang langsung terhubung ke WhatsApp<\/li>\r\n<li data-start=\"574\" data-end=\"605\"><strong data-start=\"734\" data-end=\"757\">Testimoni pelanggan<\/strong> untuk membangun kepercayaan<\/li>\r\n<li data-start=\"574\" data-end=\"605\"><strong data-start=\"790\" data-end=\"817\">Highlight promo spesial<\/strong> yang mudah terlihat<\/li>\r\n<\/ul>\r\n<p>Dengan pendekatan clean dan hangat, desain ini bertujuan meningkatkan konversi sekaligus membawa kesan rumahan dan bersahabat, sesuai karakter brand <strong data-start=\"1059\" data-end=\"1071\">Dimsumku<\/strong>.<\/p>",
        "img": "img\/img_687b363468924.png",
        "client": "Dimsumku",
        "link": "https:\/\/www.figma.com\/proto\/IQxaRe9DiHfLFUUQznOJkN\/Dimsumku?node-id=24-53&amp;t=epRkALeIkAPGxsv4-1&amp;scaling=min-zoom&amp;content-scaling=fixed&amp;page-id=0%3A1&amp;starting-point-node-id=24%3A53",
        "published": true,
        "updated_at": "2025-07-19 13:09:32",
        "updated_unix": 1752905372
    }
]